{
    "IcoMoonType": "selection",
    "icons": [
        {
            "icon": {
                "paths": [
                    "M829.362 383.978c0 194.941-158.031 352.972-352.972 352.972s-352.972-158.031-352.972-352.972c0-194.941 158.031-352.972 352.972-352.972s352.972 158.031 352.972 352.972z",
                    "M221.823 736.95l-196.809 268.724"
                ],
                "attrs": [
                    {
                        "fill": "none",
                        "stroke": "rgb(8, 43, 101)",
                        "strokeLinejoin": "miter",
                        "strokeLinecap": "butt",
                        "strokeMiterlimit": "10",
                        "strokeWidth": 62.013231752808906
                    },
                    {
                        "fill": "none",
                        "stroke": "rgb(8, 43, 101)",
                        "strokeLinejoin": "miter",
                        "strokeLinecap": "butt",
                        "strokeMiterlimit": "10",
                        "strokeWidth": 62.013231752808906
                    }
                ],
                "width": 860,
                "isMulticolor": false,
                "isMulticolor2": false,
                "grid": 0,
                "tags": [
                    "search"
                ]
            },
            "attrs": [
                {
                    "fill": "none",
                    "stroke": "rgb(8, 43, 101)",
                    "strokeLinejoin": "miter",
                    "strokeLinecap": "butt",
                    "strokeMiterlimit": "10",
                    "strokeWidth": 62.013231752808906
                },
                {
                    "fill": "none",
                    "stroke": "rgb(8, 43, 101)",
                    "strokeLinejoin": "miter",
                    "strokeLinecap": "butt",
                    "strokeMiterlimit": "10",
                    "strokeWidth": 62.013231752808906
                }
            ],
            "properties": {
                "order": 3,
                "id": 1,
                "name": "search",
                "prevSize": 32,
                "code": 59648
            },
            "setIdx": 0,
            "setId": 2,
            "iconIdx": 0
        },
        {
            "icon": {
                "paths": [
                    "M26.434 28.92l1030.724 941.752 961.554-894.319"
                ],
                "attrs": [
                    {
                        "fill": "none",
                        "strokeLinejoin": "miter",
                        "strokeLinecap": "butt",
                        "strokeMiterlimit": "10",
                        "strokeWidth": 78.37956445476215
                    }
                ],
                "width": 2045,
                "isMulticolor": false,
                "isMulticolor2": false,
                "grid": 0,
                "tags": [
                    "str"
                ]
            },
            "attrs": [
                {
                    "fill": "none",
                    "strokeLinejoin": "miter",
                    "strokeLinecap": "butt",
                    "strokeMiterlimit": "10",
                    "strokeWidth": 78.37956445476215
                }
            ],
            "properties": {
                "order": 2,
                "id": 0,
                "name": "str",
                "prevSize": 32,
                "code": 59649
            },
            "setIdx": 0,
            "setId": 2,
            "iconIdx": 1
        }
    ],
    "height": 1024,
    "metadata": {
        "name": "icomoon"
    },
    "preferences": {
        "showGlyphs": true,
        "showQuickUse": true,
        "showQuickUse2": true,
        "showSVGs": true,
        "fontPref": {
            "prefix": "icon-",
            "metadata": {
                "fontFamily": "icomoon"
            },
            "metrics": {
                "emSize": 1024,
                "baseline": 6.25,
                "whitespace": 50
            },
            "embed": false
        },
        "imagePref": {
            "prefix": "icon-",
            "png": true,
            "useClassSelector": true,
            "color": 0,
            "bgColor": 16777215,
            "classSelector": ".icon"
        },
        "historySize": 100,
        "showCodes": true,
        "gridSize": 16
    }
}